{
  "reactions": { "Ra": 25.0, "Rb": 25.0 },
  "max_shear": 25.0,
  "max_moment": 62.4936,
  "max_deflection": 39.0545,
  "max_shear_location": 0.0,
  "max_moment_location": 4.94949494949495,
  "max_deflection_location": 4.94949494949495,
  "steps": [
    "Step 1: Beam Configuration: L = 10m with 1 load(s)",
    "Step 2: Calculating reactions using equilibrium equations",
    "Step 3: UDL: w = 5kN/m from x = 0m to x = 10m",
    "Step 4: ΣMA = 0: Rb × 10 = 250",
    "Step 5:   Rb = 25.00kN",
    "Step 6: ΣFy = 0: Ra + Rb = 50",
    "Step 7:   Ra = 25.00kN",
    "Step 8: Generating Shear and Moment Diagrams"
  ],
  "diagram": {
    "x_values": [
      0.0, 0.10101010101010101, 0.20202020202020202, 0.30303030303030304,
      0.40404040404040403, 0.5050505050505051, 0.6060606060606061,
      0.7070707070707071, 0.8080808080808081, 0.9090909090909091,
      1.0101010101010102, 1.1111111111111112, 1.2121212121212122,
      1.3131313131313131, 1.4141414141414141, 1.5151515151515151,
      1.6161616161616161, 1.7171717171717171, 1.8181818181818181,
      1.9191919191919191, 2.0202020202020203, 2.121212121212121,
      2.2222222222222223, 2.323232323232323, 2.4242424242424243,
      2.525252525252525, 2.6262626262626263, 2.727272727272727,
      2.8282828282828283, 2.9292929292929295, 3.0303030303030303,
      3.1313131313131315, 3.2323232323232323, 3.3333333333333335,
      3.4343434343434343, 3.5353535353535355, 3.6363636363636362,
      3.7373737373737375, 3.8383838383838382, 3.9393939393939394,
      4.040404040404041, 4.141414141414141, 4.242424242424242,
      4.343434343434343, 4.444444444444445, 4.545454545454546,
      4.646464646464646, 4.747474747474747, 4.848484848484849, 4.94949494949495,
      5.05050505050505, 5.151515151515151, 5.252525252525253, 5.353535353535354,
      5.454545454545454, 5.555555555555555, 5.656565656565657,
      5.757575757575758, 5.858585858585859, 5.959595959595959,
      6.0606060606060606, 6.161616161616162, 6.262626262626263,
      6.363636363636363, 6.4646464646464645, 6.565656565656566,
      6.666666666666667, 6.767676767676767, 6.8686868686868685,
      6.96969696969697, 7.070707070707071, 7.171717171717172,
      7.2727272727272725, 7.373737373737374, 7.474747474747475,
      7.575757575757576, 7.6767676767676765, 7.777777777777778,
      7.878787878787879, 7.97979797979798, 8.080808080808081, 8.181818181818182,
      8.282828282828282, 8.383838383838384, 8.484848484848484,
      8.585858585858587, 8.686868686868687, 8.787878787878787, 8.88888888888889,
      8.98989898989899, 9.090909090909092, 9.191919191919192, 9.292929292929292,
      9.393939393939394, 9.494949494949495, 9.595959595959595,
      9.696969696969697, 9.797979797979798, 9.8989898989899, 10.0
    ],
    "shear_values": [
      25.0, 24.4949, 23.9899, 23.4848, 22.9798, 22.4747, 21.9697, 21.4646,
      20.9596, 20.4545, 19.9495, 19.4444, 18.9394, 18.4343, 17.9293, 17.4242,
      16.9192, 16.4141, 15.9091, 15.404, 14.899, 14.3939, 13.8889, 13.3838,
      12.8788, 12.3737, 11.8687, 11.3636, 10.8586, 10.3535, 9.8485, 9.3434,
      8.8384, 8.3333, 7.8283, 7.3232, 6.8182, 6.3131, 5.8081, 5.303, 4.798,
      4.2929, 3.7879, 3.2828, 2.7778, 2.2727, 1.7677, 1.2626, 0.7576, 0.2525,
      -0.2525, -0.7576, -1.2626, -1.7677, -2.2727, -2.7778, -3.2828, -3.7879,
      -4.2929, -4.798, -5.303, -5.8081, -6.3131, -6.8182, -7.3232, -7.8283,
      -8.3333, -8.8384, -9.3434, -9.8485, -10.3535, -10.8586, -11.3636,
      -11.8687, -12.3737, -12.8788, -13.3838, -13.8889, -14.3939, -14.899,
      -15.404, -15.9091, -16.4141, -16.9192, -17.4242, -17.9293, -18.4343,
      -18.9394, -19.4444, -19.9495, -20.4545, -20.9596, -21.4646, -21.9697,
      -22.4747, -22.9798, -23.4848, -23.9899, -24.4949, -25.0
    ],
    "moment_values": [
      0.0, 2.4997, 4.9485, 7.3462, 9.6929, 11.9886, 14.2332, 16.4269, 18.5695,
      20.6612, 22.7018, 24.6914, 26.6299, 28.5175, 30.354, 32.1396, 33.8741,
      35.5576, 37.1901, 38.7716, 40.302, 41.7815, 43.2099, 44.5873, 45.9137,
      47.1891, 48.4134, 49.5868, 50.7091, 51.7804, 52.8007, 53.77, 54.6883,
      55.5556, 56.3718, 57.137, 57.8512, 58.5144, 59.1266, 59.6878, 60.1979,
      60.6571, 61.0652, 61.4223, 61.7284, 61.9835, 62.1875, 62.3406, 62.4426,
      62.4936, 62.4936, 62.4426, 62.3406, 62.1875, 61.9835, 61.7284, 61.4223,
      61.0652, 60.6571, 60.1979, 59.6878, 59.1266, 58.5144, 57.8512, 57.137,
      56.3718, 55.5556, 54.6883, 53.77, 52.8007, 51.7804, 50.7091, 49.5868,
      48.4134, 47.1891, 45.9137, 44.5873, 43.2099, 41.7815, 40.302, 38.7716,
      37.1901, 35.5576, 33.8741, 32.1396, 30.354, 28.5175, 26.6299, 24.6914,
      22.7018, 20.6612, 18.5695, 16.4269, 14.2332, 11.9886, 9.6929, 7.3462,
      4.9485, 2.4997, 0.0
    ],
    "deflection_values": [
      0.0, -0.0625, -0.2449, -0.5397, -0.9395, -1.4373, -2.0259, -2.6984,
      -3.4483, -4.2688, -5.1537, -6.0966, -7.0915, -8.1325, -9.2137, -10.3295,
      -11.4745, -12.6434, -13.831, -15.0323, -16.2425, -17.4569, -18.6709,
      -19.8803, -21.0807, -22.2681, -23.4386, -24.5885, -25.7141, -26.8121,
      -27.8792, -28.9122, -29.9081, -30.8642, -31.7778, -32.6464, -33.4677,
      -34.2394, -34.9596, -35.6263, -36.2379, -36.7928, -37.2896, -37.727,
      -38.1039, -38.4195, -38.6729, -38.8635, -38.9908, -39.0545, -39.0545,
      -38.9908, -38.8635, -38.6729, -38.4195, -38.1039, -37.727, -37.2896,
      -36.7928, -36.2379, -35.6263, -34.9596, -34.2394, -33.4677, -32.6464,
      -31.7778, -30.8642, -29.9081, -28.9122, -27.8792, -26.8121, -25.7141,
      -24.5885, -23.4386, -22.2681, -21.0807, -19.8803, -18.6709, -17.4569,
      -16.2425, -15.0323, -13.831, -12.6434, -11.4745, -10.3295, -9.2137,
      -8.1325, -7.0915, -6.0966, -5.1537, -4.2688, -3.4483, -2.6984, -2.0259,
      -1.4373, -0.9395, -0.5397, -0.2449, -0.0625, -0.0
    ]
  },
  "success": true,
  "error": null
}
